[{"@type":"connection","id":"@1","name":"sudeep_neeraj_ff","description":"orochimaru","runtimeEnvironmentId":"@1MndwQ7sJRZbopj1PIqdOl","instanceDisplayName":"CSVFile","dateFormat":"MM/dd/yyyy HH:mm:ss","database":"D:\\","codepage":"UTF-8","shortDescription":"orochimaru","type":"CSVFile","port":0,"majorUpdateTime":"2019-08-08T08:06:37.000Z","timeout":60,"connParams":{"agentId":"0100ON0800000000001L","agentGroupId":"0100ON2500000000002M","orgId":"0100ON"},"internal":false,"federatedId":"8mdH1gRawsviLglQU3EuYC"}]