[{"@type":"connection","id":"@1","name":"sudeep_dw","runtimeEnvironmentId":"@1MndwQ7sJRZbopj1PIqdOl","instanceName":"Microsoft Azure SQL Data Warehouse V3","instanceDisplayName":"Microsoft Azure SQL Data Warehouse V3","type":"TOOLKIT_CCI","port":0,"majorUpdateTime":"2020-06-24T08:37:34.000Z","timeout":60,"connParams":{"AdlsAccountKey":"********","BlobAccountName":"cloudgcs","agentId":"0100ON0800000000001L","agentGroupId":"0100ON2500000000002M","VNetRule":"false","CCM_CONN_PRESENTATION":"{\"type\":\"TOOLKIT_CCI\",\"instanceName\":\"Microsoft Azure SQL Data Warehouse V3\",\"groups\":[{\"groups\":[{\"groups\":[],\"attributes\":[{\"name\":\"agentGroupId\",\"displayName\":\"conn_agent_group\",\"tooltip\":\"conn_agent_group_help\",\"type\":\"AGENTGROUP\",\"maxLength\":0,\"mandatory\":true,\"disabled\":false,\"hidden\":false,\"hasDependentAttributes\":false,\"connectionParam\":false,\"encrypted\":false,\"isNative\":false,\"attrId\":0,\"deprecated\":false}],\"title\":\"Microsoft Azure SQL Data Warehouse V3 Properties\",\"enableDocHelp\":true,\"docHelpContextId\":\"MSAZURE_SQLDWV3_CONN\",\"collapse\":false},{\"groups\":[],\"attributes\":[{\"name\":\"JdbcUrl\",\"displayName\":\"Azure DW JDBC URL:\",\"tooltip\":\"Azure DW JDBC URL\",\"defaultValue\":\"\",\"type\":\"STRING\",\"maxLength\":0,\"mandatory\":true,\"disabled\":false,\"hidden\":false,\"hasDependentAttributes\":false,\"connectionParam\":false,\"encrypted\":false,\"isNative\":false,\"attrId\":0,\"deprecated\":false},{\"name\":\"JdbcUsername\",\"displayName\":\"Azure DW JDBC Username:\",\"tooltip\":\"Azure DW JDBC Username\",\"defaultValue\":\"\",\"type\":\"STRING\",\"maxLength\":0,\"mandatory\":true,\"disabled\":false,\"hidden\":false,\"hasDependentAttributes\":false,\"connectionParam\":false,\"encrypted\":false,\"isNative\":false,\"attrId\":0,\"deprecated\":false},{\"name\":\"JdbcPassword\",\"displayName\":\"Azure DW JDBC Password:\",\"tooltip\":\"Azure DW JDBC Password\",\"defaultValue\":\"\",\"type\":\"PASSWORD\",\"maxLength\":0,\"mandatory\":true,\"disabled\":false,\"hidden\":false,\"hasDependentAttributes\":false,\"connectionParam\":false,\"encrypted\":true,\"isNative\":false,\"attrId\":0,\"deprecated\":false},{\"name\":\"SchemaName\",\"displayName\":\"Azure DW Schema Name:\",\"tooltip\":\"Azure DW Schema Name\",\"defaultValue\":\"\",\"type\":\"STRING\",\"maxLength\":0,\"mandatory\":true,\"disabled\":false,\"hidden\":false,\"hasDependentAttributes\":false,\"connectionParam\":false,\"encrypted\":false,\"isNative\":false,\"attrId\":0,\"deprecated\":false},{\"name\":\"AzureStorageType\",\"displayName\":\"Azure Storage Type:\",\"tooltip\":\"Azure Storage to be used for PolyBase\",\"defaultValue\":\"Azure Blob\",\"type\":\"LIST\",\"maxLength\":0,\"mandatory\":false,\"disabled\":false,\"hidden\":false,\"hasDependentAttributes\":true,\"connectionParam\":false,\"options\":[{\"name\":\"Azure Blob\",\"displayName\":\"Azure Blob\"},{\"name\":\"ADLS Gen2\",\"displayName\":\"ADLS Gen2\"}],\"subgroups\":[{\"name\":\"Azure Blob\",\"group\":{\"groups\":[],\"attributes\":[{\"name\":\"BlobAccountName\",\"displayName\":\"Azure Blob Account Name:\",\"tooltip\":\"ADLS Gen2 Account Name, should be in small case letters and it should not contain whitespace\",\"defaultValue\":\"\",\"type\":\"STRING\",\"maxLength\":0,\"mandatory\":false,\"disabled\":false,\"hidden\":false,\"hasDependentAttributes\":false,\"connectionParam\":true,\"encrypted\":false,\"isNative\":false,\"attrId\":0,\"deprecated\":false},{\"name\":\"BlobAccountKey\",\"displayName\":\"Azure Blob Account Key:\",\"tooltip\":\"Azure Blob Account Key\",\"defaultValue\":\"\",\"type\":\"PASSWORD\",\"maxLength\":0,\"mandatory\":false,\"disabled\":false,\"hidden\":false,\"hasDependentAttributes\":false,\"connectionParam\":true,\"encrypted\":true,\"isNative\":false,\"attrId\":0,\"deprecated\":false},{\"name\":\"AdlsAccountName\",\"displayName\":\"ADLS Gen2 Storage Account Name:\",\"tooltip\":\"ADLS Gen2 Storage Account Name\",\"defaultValue\":\"\",\"type\":\"STRING\",\"maxLength\":0,\"mandatory\":false,\"disabled\":true,\"hidden\":false,\"hasDependentAttributes\":false,\"connectionParam\":true,\"encrypted\":false,\"isNative\":false,\"attrId\":0,\"deprecated\":false},{\"name\":\"AdlsAccountKey\",\"displayName\":\"ADLS Gen2 Account Key:\",\"tooltip\":\"ADLS Gen2 Account Key\",\"defaultValue\":\"\",\"type\":\"PASSWORD\",\"maxLength\":0,\"mandatory\":false,\"disabled\":true,\"hidden\":false,\"hasDependentAttributes\":false,\"connectionParam\":true,\"encrypted\":true,\"isNative\":false,\"attrId\":0,\"deprecated\":false}],\"enableDocHelp\":false,\"collapse\":false}},{\"name\":\"ADLS Gen2\",\"group\":{\"groups\":[],\"attributes\":[{\"name\":\"BlobAccountName\",\"displayName\":\"Azure Blob Account Name:\",\"tooltip\":\"ADLS Gen2 Account Name, should be in small case letters and it should not contain whitespace\",\"defaultValue\":\"\",\"type\":\"STRING\",\"maxLength\":0,\"mandatory\":false,\"disabled\":true,\"hidden\":false,\"hasDependentAttributes\":false,\"connectionParam\":true,\"encrypted\":false,\"isNative\":false,\"attrId\":0,\"deprecated\":false},{\"name\":\"BlobAccountKey\",\"displayName\":\"Azure Blob Account Key:\",\"tooltip\":\"Azure Blob Account Key\",\"defaultValue\":\"\",\"type\":\"PASSWORD\",\"maxLength\":0,\"mandatory\":false,\"disabled\":true,\"hidden\":false,\"hasDependentAttributes\":false,\"connectionParam\":true,\"encrypted\":true,\"isNative\":false,\"attrId\":0,\"deprecated\":false},{\"name\":\"AdlsAccountName\",\"displayName\":\"ADLS Gen2 Storage Account Name:\",\"tooltip\":\"ADLS Gen2 Storage Account Name\",\"defaultValue\":\"\",\"type\":\"STRING\",\"maxLength\":0,\"mandatory\":false,\"disabled\":false,\"hidden\":false,\"hasDependentAttributes\":false,\"connectionParam\":true,\"encrypted\":false,\"isNative\":false,\"attrId\":0,\"deprecated\":false},{\"name\":\"AdlsAccountKey\",\"displayName\":\"ADLS Gen2 Account Key:\",\"tooltip\":\"ADLS Gen2 Account Key\",\"defaultValue\":\"\",\"type\":\"PASSWORD\",\"maxLength\":0,\"mandatory\":false,\"disabled\":false,\"hidden\":false,\"hasDependentAttributes\":false,\"connectionParam\":true,\"encrypted\":true,\"isNative\":false,\"attrId\":0,\"deprecated\":false}],\"enableDocHelp\":false,\"collapse\":false}},{\"name\":\"UNKNOWN\"}],\"encrypted\":false,\"isNative\":false,\"attrId\":0,\"deprecated\":false},{\"name\":\"BlobAccountName\",\"displayName\":\"Azure Blob Account Name:\",\"tooltip\":\"ADLS Gen2 Account Name, should be in small case letters and it should not contain whitespace\",\"defaultValue\":\"\",\"type\":\"STRING\",\"maxLength\":0,\"mandatory\":false,\"disabled\":false,\"hidden\":false,\"hasDependentAttributes\":false,\"connectionParam\":false,\"encrypted\":false,\"isNative\":false,\"attrId\":0,\"deprecated\":false},{\"name\":\"BlobAccountKey\",\"displayName\":\"Azure Blob Account Key:\",\"tooltip\":\"Azure Blob Account Key\",\"defaultValue\":\"\",\"type\":\"PASSWORD\",\"maxLength\":0,\"mandatory\":false,\"disabled\":false,\"hidden\":false,\"hasDependentAttributes\":false,\"connectionParam\":false,\"encrypted\":true,\"isNative\":false,\"attrId\":0,\"deprecated\":false},{\"name\":\"AdlsAccountName\",\"displayName\":\"ADLS Gen2 Storage Account Name:\",\"tooltip\":\"ADLS Gen2 Storage Account Name\",\"defaultValue\":\"\",\"type\":\"STRING\",\"maxLength\":0,\"mandatory\":false,\"disabled\":true,\"hidden\":false,\"hasDependentAttributes\":false,\"connectionParam\":false,\"encrypted\":false,\"isNative\":false,\"attrId\":0,\"deprecated\":false},{\"name\":\"AdlsAccountKey\",\"displayName\":\"ADLS Gen2 Account Key:\",\"tooltip\":\"ADLS Gen2 Account Key\",\"defaultValue\":\"\",\"type\":\"PASSWORD\",\"maxLength\":0,\"mandatory\":false,\"disabled\":true,\"hidden\":false,\"hasDependentAttributes\":false,\"connectionParam\":false,\"encrypted\":true,\"isNative\":false,\"attrId\":0,\"deprecated\":false},{\"name\":\"EndPointSuffix\",\"displayName\":\"Blob End-point:\",\"tooltip\":\"Blob End-point\",\"defaultValue\":\"core.windows.net\",\"type\":\"LIST\",\"maxLength\":0,\"mandatory\":false,\"disabled\":false,\"hidden\":false,\"hasDependentAttributes\":false,\"connectionParam\":false,\"options\":[{\"name\":\"core.windows.net\",\"displayName\":\"core.windows.net\"},{\"name\":\"core.usgovcloudapi.net\",\"displayName\":\"core.usgovcloudapi.net\"}],\"encrypted\":false,\"isNative\":false,\"attrId\":0,\"deprecated\":false},{\"name\":\"VNetRule\",\"displayName\":\"VNet Rule:\",\"tooltip\":\"VNet Rule\",\"defaultValue\":\"false\",\"type\":\"BOOLEAN\",\"maxLength\":0,\"mandatory\":false,\"disabled\":false,\"hidden\":false,\"hasDependentAttributes\":false,\"connectionParam\":false,\"encrypted\":false,\"isNative\":false,\"attrId\":0,\"deprecated\":false}],\"type\":\"GROUP\",\"title\":\"Connection Section\",\"enableDocHelp\":false,\"collapse\":false}],\"attributes\":[],\"type\":\"PAGE\",\"title\":\"Connection Page\",\"enableDocHelp\":false,\"collapse\":false}],\"attributes\":[]}","orgId":"0100ON","JdbcUrl":"jdbc:sqlserver://cloudgcs.database.windows.net:1433;database=cloudgcs;user=cloud@cloudgcs;password={your_password_here};encrypt=true;trustServerCertificate=false;hostNameInCertificate=*.database.windows.net;loginTimeout=30;","JdbcPassword":"********","JdbcUsername":"cloud","EndPointSuffix":"core.windows.net","BlobAccountKey":"********","AzureStorageType":"Azure Blob","AdlsAccountName":"","SchemaName":"dbo"},"internal":false,"federatedId":"2LUGIVyBuU2eF7nAfKEZiS"}]